CREATE TABLE VAITRO (
    MAVT CHAR(8) PRIMARY KEY,
    TENVAITRO VARCHAR2(20) NOT NULL
);

CREATE TABLE QUYEN (
    MAQUYEN CHAR(8) PRIMARY KEY,
    TENQUYEN CHAR(50) NOT NULL
);

CREATE TABLE VAITRO_QUYEN (
    MAVT CHAR(8),
    MAQUYEN CHAR(8),
    CONSTRAINT PK_VAITRO_QUYEN PRIMARY KEY (MAVT, MAQUYEN),
    CONSTRAINT FK_VQ_VAITRO FOREIGN KEY (MAVT) REFERENCES VAITRO(MAVT),
    CONSTRAINT FK_VQ_QUYEN FOREIGN KEY (MAQUYEN) REFERENCES QUYEN(MAQUYEN)
);
CREATE TABLE NHANVIEN (
   MANV CHAR(8) PRIMARY KEY,
   HOTEN VARCHAR2(50),
   CCCD VARCHAR2(12) UNIQUE,  
   SDT VARCHAR2(10),
   MAVT CHAR(8) NOT NULL,
   MASOTHUE VARCHAR2(15),
   CONSTRAINT FK_TK_VT FOREIGN KEY (MAVT) REFERENCES VAITRO(MAVT)
);
CREATE TABLE TAIKHOAN (
   USERNAME VARCHAR2(50) PRIMARY KEY,
   MATKHAU VARCHAR2(255),
   EMAIL VARCHAR2(100) UNIQUE,
   MANV VARCHAR2(8) UNIQUE,
   CONSTRAINT FK_TK_NV FOREIGN KEY (MANV) REFERENCES NHANVIEN(MANV)
);

CREATE TABLE KHACHHANG (
   MAKH CHAR(8) PRIMARY KEY,
   HOTEN VARCHAR2(100),
   DIEMTICHLUY NUMBER,
   LOAIKHACH VARCHAR2(50), 
   SDT VARCHAR2(10)
);

CREATE TABLE NHACUNGUNG (
   MANCU CHAR(8) PRIMARY KEY,
   TENNCU VARCHAR2(100),
   MASOTHUE VARCHAR2(15),
   DIACHI VARCHAR2(255),
   SDT VARCHAR2(10),
   EMAIL VARCHAR2(80)
);

CREATE TABLE HANGSANXUAT (
   MAHSX CHAR(8) PRIMARY KEY,
   TENHSX VARCHAR2(100) NULL,
   MASOTHUE VARCHAR2(15) NULL,
   DIACHI VARCHAR2(255) NULL,
   SDT VARCHAR2(10) NULL
);

CREATE TABLE PHIEUNHAPHANG (
   MAPNH CHAR(8) PRIMARY KEY,
   MANCU CHAR(8),
   MANV CHAR(8),
   NGAYLAPPHIEU DATE,
   THANHTIEN NUMBER(18,2),
   CONSTRAINT FK_PNH_NCU FOREIGN KEY (MANCU) REFERENCES NHACUNGUNG(MANCU),
   CONSTRAINT FK_PNH_NV FOREIGN KEY (MANV) REFERENCES NHANVIEN(MANV)
);

CREATE TABLE LOAISANPHAM (
   MALSP CHAR(8) PRIMARY KEY,
   TENLSP VARCHAR2(100)
);

CREATE TABLE SANPHAM (
   MASP CHAR(8) PRIMARY KEY,
   MAHSX CHAR(8),
   MALSP CHAR(8),
   TENSP VARCHAR2(100),
   QUYCACHDONGGOI VARCHAR2(50),
   SODANGKY CHAR(20),
   SOLUONG NUMBER,
   GIABAN NUMBER(18,2),
   CONSTRAINT FK_SP_LSP FOREIGN KEY (MALSP) REFERENCES LOAISANPHAM(MALSP),
   CONSTRAINT FK_SP_HSX FOREIGN KEY (MAHSX) REFERENCES HANGSANXUAT(MAHSX)
);
CREATE TABLE CHITIETPHIEUNHAPHANG (
   MAPNH CHAR(8) NOT NULL,
   MASP CHAR(8) NOT NULL,
   HSD DATE,
   SOLO VARCHAR2(50),
   SLNHAP NUMBER NOT NULL,
   GIANHAP NUMBER(18,2) NOT NULL,
   PRIMARY KEY (MAPNH, MASP),
   CONSTRAINT FK_CTPNH_PNH FOREIGN KEY (MAPNH) REFERENCES PHIEUNHAPHANG(MAPNH),
   CONSTRAINT FK_CTPNH_SP FOREIGN KEY (MASP) REFERENCES SANPHAM(MASP),
   CONSTRAINT CHK_CTPNH_SL CHECK (SLNHAP > 0),
   CONSTRAINT CHK_CTPNH_GIA CHECK (GIANHAP >= 0)
);
CREATE TABLE HOADON (
   MAHD CHAR(8) PRIMARY KEY,
   MANV CHAR(8),
   MAKH CHAR(8),
   NGAYBAN DATE,
   THANHTIEN NUMBER(18,2),
   TRANGTHAI VARCHAR2(20) DEFAULT 'BINH_THUONG',
   CONSTRAINT FK_HD_NV FOREIGN KEY (MANV) REFERENCES NHANVIEN(MANV),
   CONSTRAINT FK_HD_KH FOREIGN KEY (MAKH) REFERENCES KHACHHANG(MAKH)
);

CREATE TABLE CHITIETHOADON (
   MAHD CHAR(8) NOT NULL,
   MASP CHAR(8) NOT NULL,
   SOLUONG NUMBER NOT NULL,
   GIA NUMBER(18,2) NOT NULL,
   PRIMARY KEY (MAHD, MASP),
   CONSTRAINT FK_CTHD_HD FOREIGN KEY (MAHD) REFERENCES HOADON(MAHD),
   CONSTRAINT FK_CTHD_SP FOREIGN KEY (MASP) REFERENCES SANPHAM(MASP),
   CONSTRAINT CHK_CTHD_SOLUONG CHECK (SOLUONG > 0),
   CONSTRAINT CHK_CTHD_GIA CHECK (GIA > 0)
);

CREATE OR REPLACE TRIGGER trg_set_loai_khach
BEFORE UPDATE OF DIEMTICHLUY ON KHACHHANG
FOR EACH ROW
BEGIN
    IF :NEW.DIEMTICHLUY < 100 THEN
        :NEW.LOAIKHACH := 'Bình thường';
    ELSIF :NEW.DIEMTICHLUY < 300 THEN
        :NEW.LOAIKHACH := 'Bạc';
    ELSIF :NEW.DIEMTICHLUY < 600 THEN
        :NEW.LOAIKHACH := 'Vàng';
    ELSE
        :NEW.LOAIKHACH := 'Kim cương';
    END IF;
END;
/

CREATE OR REPLACE TRIGGER trg_insert_hoadon
AFTER INSERT ON HOADON
FOR EACH ROW
DECLARE
    diem_cong NUMBER;
BEGIN
    IF :NEW.MAKH IS NOT NULL THEN
        diem_cong := FLOOR(:NEW.THANHTIEN / 10000);
        
        UPDATE KHACHHANG
        SET DIEMTICHLUY = DIEMTICHLUY + diem_cong
        WHERE MAKH = :NEW.MAKH;
    END IF;
END;
/








-- VAITRO
INSERT INTO VAITRO VALUES ('VT001', 'Chủ');
INSERT INTO VAITRO VALUES ('VT002', 'Quản lý');
INSERT INTO VAITRO VALUES ('VT003', 'Bán hàng');

-- NHANVIEN
INSERT INTO NHANVIEN VALUES ('NV001', 'Nguyễn Văn A', '001100110011', '0901234567', 'VT001', '123456789');
INSERT INTO NHANVIEN VALUES ('NV002', 'Trần Thị B', '001100220022', '0912345678', 'VT002', '234567891');
INSERT INTO NHANVIEN VALUES ('NV003', 'Lê Văn C', '001100330033', '0923456789', 'VT002', '345678912');
INSERT INTO NHANVIEN VALUES ('NV004', 'Phạm Thị D', '001100440044', '0934567890', 'VT003', '456789123');
INSERT INTO NHANVIEN VALUES ('NV005', 'Võ Văn E', '001100550055', '0945678901', 'VT003', '567891234');
INSERT INTO NHANVIEN VALUES ('NV006', 'Ngô Thị F', '001100660066', '0956789012', 'VT003', '678912345');
INSERT INTO NHANVIEN VALUES ('NV007', 'Đỗ Văn G', '001100770077', '0967890123', 'VT003', '789123456');

-- TAIKHOAN
INSERT INTO TAIKHOAN VALUES ('a.nguyen', 'pass1', 'a.nguyen@mail.com', 'NV001');
INSERT INTO TAIKHOAN VALUES ('b.tran', 'pass2', 'b.tran@mail.com', 'NV002');
INSERT INTO TAIKHOAN VALUES ('c.le', 'pass3', 'c.le@mail.com', 'NV003');
INSERT INTO TAIKHOAN VALUES ('d.pham', 'pass4', 'd.pham@mail.com', 'NV004');
INSERT INTO TAIKHOAN VALUES ('e.vo', 'pass5', 'e.vo@mail.com', 'NV005');
INSERT INTO TAIKHOAN VALUES ('f.ngo', 'pass6', 'f.ngo@mail.com', 'NV006');
INSERT INTO TAIKHOAN VALUES ('g.do', 'pass7', 'g.do@mail.com', 'NV007');


-- KHACHHANG
INSERT INTO KHACHHANG VALUES ('KH0001', 'Nguyễn Thị H', 90, 'Bình thường', '0911111111');
INSERT INTO KHACHHANG VALUES ('KH0002', 'Lê Văn I', 150, 'Bạc', '0922222222');
INSERT INTO KHACHHANG VALUES ('KH0003', 'Trần Văn K', 320, 'Vàng', '0933333333');
INSERT INTO KHACHHANG VALUES ('KH0004', 'Phạm Thị L', 620, 'Kim cương', '0944444444');
INSERT INTO KHACHHANG VALUES ('KH0005', 'Nguyễn Văn M', 70, 'Bình thường', '0955555555');
INSERT INTO KHACHHANG VALUES ('KH0006', 'Trịnh Văn N', 270, 'Bạc', '0966666666');
INSERT INTO KHACHHANG VALUES ('KH0007', 'Bùi Thị O', 580, 'Vàng', '0977777777');
INSERT INTO KHACHHANG VALUES ('KH0008', 'Đặng Văn P', 640, 'Kim cương', '0988888888');

-- NHACUNGUNG
INSERT INTO NHACUNGUNG VALUES ('NCU0001', 'Công ty ABC', '1234567890', '123 Đường A', '0900000000', 'abc@ncu.com');
INSERT INTO NHACUNGUNG VALUES ('NCU0002', 'Công ty DEF', '2345678901', '456 Đường B', '0911111111', 'def@ncu.com');
INSERT INTO NHACUNGUNG VALUES ('NCU0003', 'Công ty GHI', '3456789012', '789 Đường C', '0922222222', 'ghi@ncu.com');
INSERT INTO NHACUNGUNG VALUES ('NCU0004', 'Công ty JKL', '4567890123', '321 Đường D', '0933333333', 'jkl@ncu.com');
INSERT INTO NHACUNGUNG VALUES ('NCU0005', 'Công ty MNO', '5678901234', '654 Đường E', '0944444444', 'mno@ncu.com');
INSERT INTO NHACUNGUNG VALUES ('NCU0006', 'Công ty PQR', '6789012345', '987 Đường F', '0955555555', 'pqr@ncu.com');
INSERT INTO NHACUNGUNG VALUES ('NCU0007', 'Công ty STU', '7890123456', '111 Đường G', '0966666666', 'stu@ncu.com');
INSERT INTO NHACUNGUNG VALUES ('NCU0008', 'Công ty VWX', '8901234567', '222 Đường H', '0977777777', 'vwx@ncu.com');
INSERT INTO NHACUNGUNG VALUES ('NCU0009', 'Công ty YZ', '9012345678', '333 Đường I', '0988888888', 'yz@ncu.com');
INSERT INTO NHACUNGUNG VALUES ('NCU0010', 'Công ty KLM', '1122334455', '444 Đường J', '0999999999', 'klm@ncu.com');

-- HANGSANXUAT
INSERT INTO HANGSANXUAT VALUES ('HSX001', 'Pfizer', 'PF123456', 'Mỹ', '0123456789');
INSERT INTO HANGSANXUAT VALUES ('HSX002', 'Sanofi', 'SF234567', 'Pháp', '0234567890');
INSERT INTO HANGSANXUAT VALUES ('HSX003', 'GSK', 'GSK34567', 'Anh', '0345678901');
INSERT INTO HANGSANXUAT VALUES ('HSX004', 'Roche', 'RC456789', 'Thụy Sĩ', '0456789012');
INSERT INTO HANGSANXUAT VALUES ('HSX005', 'Bayer', 'BY567890', 'Đức', '0567890123');
INSERT INTO HANGSANXUAT VALUES ('HSX006', 'Merck', 'MK678901', 'Mỹ', '0678901234');
INSERT INTO HANGSANXUAT VALUES ('HSX007', 'Abbott', 'AB789012', 'Mỹ', '0789012345');
INSERT INTO HANGSANXUAT VALUES ('HSX008', 'Novartis', 'NV890123', 'Thụy Sĩ', '0890123456');
INSERT INTO HANGSANXUAT VALUES ('HSX009', 'Johnson', 'JN901234', 'Mỹ', '0901234567');
INSERT INTO HANGSANXUAT VALUES ('HSX010', 'Takeda', 'TK012345', 'Nhật Bản', '0123456789');

-- LOAISANPHAM
INSERT INTO LOAISANPHAM VALUES ('LSP001', 'Thuốc giảm đau');
INSERT INTO LOAISANPHAM VALUES ('LSP002', 'Thuốc hạ sốt');
INSERT INTO LOAISANPHAM VALUES ('LSP003', 'Kháng sinh');
INSERT INTO LOAISANPHAM VALUES ('LSP004', 'Vitamin');
INSERT INTO LOAISANPHAM VALUES ('LSP005', 'Thuốc dị ứng');
INSERT INTO LOAISANPHAM VALUES ('LSP006', 'Thuốc tim mạch');
INSERT INTO LOAISANPHAM VALUES ('LSP007', 'Thuốc ho');
INSERT INTO LOAISANPHAM VALUES ('LSP008', 'Thuốc dạ dày');
INSERT INTO LOAISANPHAM VALUES ('LSP009', 'Thực phẩm chức năng');
INSERT INTO LOAISANPHAM VALUES ('LSP010', 'Dung dịch sát khuẩn');

-- SANPHAM
INSERT INTO SANPHAM VALUES ('SP0001', 'HSX001', 'LSP001', 'Paracetamol 500mg', 'Hộp 10 vỉ', 'SK001', 100, 5000);
INSERT INTO SANPHAM VALUES ('SP0002', 'HSX002', 'LSP002', 'Ibuprofen 200mg', 'Hộp 5 vỉ', 'SK002', 120, 6000);
INSERT INTO SANPHAM VALUES ('SP0003', 'HSX003', 'LSP003', 'Amoxicillin 500mg', 'Hộp 10 viên', 'SK003', 80, 7000);
INSERT INTO SANPHAM VALUES ('SP0004', 'HSX004', 'LSP004', 'Vitamin C 500mg', 'Chai 100 viên', 'SK004', 90, 8000);
INSERT INTO SANPHAM VALUES ('SP0005', 'HSX005', 'LSP005', 'Loratadine 10mg', 'Vỉ 10 viên', 'SK005', 75, 5500);
INSERT INTO SANPHAM VALUES ('SP0006', 'HSX006', 'LSP006', 'Atenolol 50mg', 'Vỉ 14 viên', 'SK006', 95, 9500);
INSERT INTO SANPHAM VALUES ('SP0007', 'HSX007', 'LSP007', 'Dextromethorphan', 'Chai 60ml', 'SK007', 60, 6200);
INSERT INTO SANPHAM VALUES ('SP0008', 'HSX008', 'LSP008', 'Omeprazole 20mg', 'Vỉ 14 viên', 'SK008', 130, 7200);
INSERT INTO SANPHAM VALUES ('SP0009', 'HSX009', 'LSP009', 'Calcium + D3', 'Chai 60 viên', 'SK009', 85, 9000);
INSERT INTO SANPHAM VALUES ('SP0010', 'HSX010', 'LSP010', 'Cồn 70 độ', 'Chai 500ml', 'SK010', 150, 25000);

INSERT INTO SANPHAM VALUES ('SP0011', 'HSX001', 'LSP001', 'Paracetamol 500mg', 'Hộp 10 vỉ x 10 viên', 'SDK011', 500, 1500);
INSERT INTO SANPHAM VALUES ('SP0012', 'HSX002', 'LSP001', 'Aspirin 81mg', 'Hộp 10 vỉ x 10 viên', 'SDK012', 300, 2000);
INSERT INTO SANPHAM VALUES ('SP0013', 'HSX003', 'LSP002', 'Vitamin C 500mg', 'Lọ 100 viên', 'SDK013', 400, 2500);
INSERT INTO SANPHAM VALUES ('SP0014', 'HSX004', 'LSP002', 'Natri Clorid 0.9%', 'Chai 500ml', 'SDK014', 200, 5000);
INSERT INTO SANPHAM VALUES ('SP0015', 'HSX005', 'LSP003', 'Kem chống nắng SPF50', 'Tuýp 50g', 'SDK015', 150, 12000);


--PHIEUNHAHANG
INSERT INTO PHIEUNHAPHANG VALUES ('PNH0001', 'NCU0001', 'NV001', TO_DATE('2024-11-01','YYYY-MM-DD'), 300000);
INSERT INTO PHIEUNHAPHANG VALUES ('PNH0002', 'NCU0002', 'NV002', TO_DATE('2024-11-02','YYYY-MM-DD'), 250000);
INSERT INTO PHIEUNHAPHANG VALUES ('PNH0003', 'NCU0003', 'NV003', TO_DATE('2024-11-03','YYYY-MM-DD'), 270000);
INSERT INTO PHIEUNHAPHANG VALUES ('PNH0004', 'NCU0004', 'NV001', TO_DATE('2024-11-04','YYYY-MM-DD'), 310000);
INSERT INTO PHIEUNHAPHANG VALUES ('PNH0005', 'NCU0005', 'NV002', TO_DATE('2024-11-05','YYYY-MM-DD'), 290000);
INSERT INTO PHIEUNHAPHANG VALUES ('PNH0006', 'NCU0006', 'NV003', TO_DATE('2024-11-06','YYYY-MM-DD'), 330000);
INSERT INTO PHIEUNHAPHANG VALUES ('PNH0007', 'NCU0007', 'NV001', TO_DATE('2024-11-07','YYYY-MM-DD'), 450000);
INSERT INTO PHIEUNHAPHANG VALUES ('PNH0008', 'NCU0008', 'NV002', TO_DATE('2024-11-08','YYYY-MM-DD'), 270000);
INSERT INTO PHIEUNHAPHANG VALUES ('PNH0009', 'NCU0009', 'NV003', TO_DATE('2024-11-09','YYYY-MM-DD'), 290000);
INSERT INTO PHIEUNHAPHANG VALUES ('PNH0010', 'NCU0010', 'NV001', TO_DATE('2024-11-10','YYYY-MM-DD'), 310000);

INSERT INTO HOADON VALUES ('HD0001', 'NV002', 'KH0001', TO_DATE('2024-11-01','YYYY-MM-DD'), 120000, 'BINH_THUONG');
INSERT INTO HOADON VALUES ('HD0002', 'NV005', 'KH0002', TO_DATE('2024-11-02','YYYY-MM-DD'), 150000, 'BINH_THUONG');
INSERT INTO HOADON VALUES ('HD0003', 'NV001', 'KH0003', TO_DATE('2024-11-03','YYYY-MM-DD'), 95000, 'BINH_THUONG');
INSERT INTO HOADON VALUES ('HD0004', 'NV007', 'KH0004', TO_DATE('2024-11-04','YYYY-MM-DD'), 200000, 'BINH_THUONG');
INSERT INTO HOADON VALUES ('HD0005', 'NV008', 'KH0005', TO_DATE('2024-11-05','YYYY-MM-DD'), 180000, 'BINH_THUONG');
INSERT INTO HOADON VALUES ('HD0006', 'NV004', 'KH0006', TO_DATE('2024-11-06','YYYY-MM-DD'), 130000, 'BINH_THUONG');
INSERT INTO HOADON VALUES ('HD0007', 'NV005', 'KH0007', TO_DATE('2024-11-07','YYYY-MM-DD'), 220000, 'BINH_THUONG');
INSERT INTO HOADON VALUES ('HD0008', 'NV006', 'KH0008', TO_DATE('2024-11-08','YYYY-MM-DD'), 160000, 'BINH_THUONG');
INSERT INTO HOADON VALUES ('HD0009', 'NV003', 'KH0001', TO_DATE('2024-11-09','YYYY-MM-DD'), 110000, 'BINH_THUONG');
INSERT INTO HOADON VALUES ('HD0010', 'NV008', 'KH0002', TO_DATE('2024-11-10','YYYY-MM-DD'), 140000, 'BINH_THUONG');

INSERT INTO CHITIETPHIEUNHAPHANG VALUES ('PNH0001', 'SP0001', TO_DATE('2025-12-31','YYYY-MM-DD'), 'LO001', 100, 5000);
INSERT INTO CHITIETPHIEUNHAPHANG VALUES ('PNH0001', 'SP0002', TO_DATE('2026-01-15','YYYY-MM-DD'), 'LO002', 150, 4000);
INSERT INTO CHITIETPHIEUNHAPHANG VALUES ('PNH0002', 'SP0003', TO_DATE('2025-11-20','YYYY-MM-DD'), 'LO003', 200, 4500);
INSERT INTO CHITIETPHIEUNHAPHANG VALUES ('PNH0002', 'SP0004', TO_DATE('2025-10-10','YYYY-MM-DD'), 'LO004', 100, 6000);
INSERT INTO CHITIETPHIEUNHAPHANG VALUES ('PNH0003', 'SP0005', TO_DATE('2026-03-05','YYYY-MM-DD'), 'LO005', 180, 3500);
INSERT INTO CHITIETPHIEUNHAPHANG VALUES ('PNH0003', 'SP0006', TO_DATE('2026-02-28','YYYY-MM-DD'), 'LO006', 120, 4200);
INSERT INTO CHITIETPHIEUNHAPHANG VALUES ('PNH0004', 'SP0007', TO_DATE('2026-01-01','YYYY-MM-DD'), 'LO007', 140, 3900);
INSERT INTO CHITIETPHIEUNHAPHANG VALUES ('PNH0004', 'SP0008', TO_DATE('2025-09-30','YYYY-MM-DD'), 'LO008', 160, 5800);
INSERT INTO CHITIETPHIEUNHAPHANG VALUES ('PNH0005', 'SP0009', TO_DATE('2026-06-01','YYYY-MM-DD'), 'LO009', 100, 3100);
INSERT INTO CHITIETPHIEUNHAPHANG VALUES ('PNH0005', 'SP0010', TO_DATE('2025-07-01','YYYY-MM-DD'), 'LO010', 90, 5100);
INSERT INTO CHITIETPHIEUNHAPHANG VALUES ('PNH0006', 'SP0011', TO_DATE('2026-12-01','YYYY-MM-DD'), 'LO011', 80, 4900);
INSERT INTO CHITIETPHIEUNHAPHANG VALUES ('PNH0006', 'SP0012', TO_DATE('2026-08-15','YYYY-MM-DD'), 'LO012', 150, 4700);
INSERT INTO CHITIETPHIEUNHAPHANG VALUES ('PNH0007', 'SP0013', TO_DATE('2025-06-01','YYYY-MM-DD'), 'LO013', 120, 5200);
INSERT INTO CHITIETPHIEUNHAPHANG VALUES ('PNH0007', 'SP0014', TO_DATE('2026-10-01','YYYY-MM-DD'), 'LO014', 110, 4300);
INSERT INTO CHITIETPHIEUNHAPHANG VALUES ('PNH0008', 'SP0015', TO_DATE('2026-12-31','YYYY-MM-DD'), 'LO015', 130, 4600);
INSERT INTO CHITIETPHIEUNHAPHANG VALUES ('PNH0008', 'SP0001', TO_DATE('2026-09-09','YYYY-MM-DD'), 'LO016', 100, 4900);
INSERT INTO CHITIETPHIEUNHAPHANG VALUES ('PNH0009', 'SP0002', TO_DATE('2025-11-01','YYYY-MM-DD'), 'LO017', 140, 4100);
INSERT INTO CHITIETPHIEUNHAPHANG VALUES ('PNH0009', 'SP0003', TO_DATE('2026-02-20','YYYY-MM-DD'), 'LO018', 130, 5200);
INSERT INTO CHITIETPHIEUNHAPHANG VALUES ('PNH0010', 'SP0004', TO_DATE('2026-04-04','YYYY-MM-DD'), 'LO019', 90, 3800);
INSERT INTO CHITIETPHIEUNHAPHANG VALUES ('PNH0010', 'SP0005', TO_DATE('2025-08-18','YYYY-MM-DD'), 'LO020', 150, 4600);

INSERT INTO CHITIETHOADON VALUES ('HD0001', 'SP0001', 2, 6000);
INSERT INTO CHITIETHOADON VALUES ('HD0001', 'SP0002', 1, 8000);
INSERT INTO CHITIETHOADON VALUES ('HD0002', 'SP0003', 3, 5000);
INSERT INTO CHITIETHOADON VALUES ('HD0002', 'SP0004', 2, 6500);
INSERT INTO CHITIETHOADON VALUES ('HD0003', 'SP0005', 1, 5500);
INSERT INTO CHITIETHOADON VALUES ('HD0003', 'SP0006', 2, 4800);
INSERT INTO CHITIETHOADON VALUES ('HD0004', 'SP0007', 4, 4100);
INSERT INTO CHITIETHOADON VALUES ('HD0004', 'SP0008', 2, 7200);
INSERT INTO CHITIETHOADON VALUES ('HD0005', 'SP0009', 1, 6000);
INSERT INTO CHITIETHOADON VALUES ('HD0005', 'SP0010', 3, 4600);
INSERT INTO CHITIETHOADON VALUES ('HD0006', 'SP0011', 2, 4900);
INSERT INTO CHITIETHOADON VALUES ('HD0006', 'SP0012', 1, 5300);
INSERT INTO CHITIETHOADON VALUES ('HD0007', 'SP0013', 2, 5000);
INSERT INTO CHITIETHOADON VALUES ('HD0007', 'SP0014', 1, 4800);
INSERT INTO CHITIETHOADON VALUES ('HD0008', 'SP0015', 3, 4700);
INSERT INTO CHITIETHOADON VALUES ('HD0008', 'SP0001', 2, 5100);
INSERT INTO CHITIETHOADON VALUES ('HD0009', 'SP0002', 1, 5400);
INSERT INTO CHITIETHOADON VALUES ('HD0009', 'SP0003', 2, 5600);
INSERT INTO CHITIETHOADON VALUES ('HD0010', 'SP0004', 1, 6000);
INSERT INTO CHITIETHOADON VALUES ('HD0010', 'SP0005', 2, 5800);


